precedence,classification,stateId,!,%,*,+,-,/,<,=,>,^,(,),[,],:,#,;,a,b,c,d,e,f,g,h,i,j,k,l,m,n,o,p,q,r,s,t,u,v,w,x,y,z,{,},$,_,0,1,2,3,4,5,6,7,8,9
,,0,42,39,38,37,37,38,41,35,41,40,142,143,144,145,146,146,146,25,14,11,6,53,59,,,1,,,78,89,43,46,97,,92,30,50,,84,61,47,,,138,139,148,,,,,,,,,,,
,,1,,,,,,,,,,,,,,,,,,,,,,,136,,,,,,,,2,,,,,,,,,,,,,,,,,,,,,,,,,,
,,2,,,,,,,,,,,,,,,,,,,,104,,,,,,,,,,,,,,,,,3,,,,,,,,,,,,,,,,,,,,
,,3,,,,,,,,,,,,,,,,,,,,,,,,4,,,,,,,,,,,,,,,,,,,,,,,,,,,,,,,,,
,,4,,,,,,,,,,,,,,,,,,,,,,5,,,,,,,,,,,,,,,,,,,,,,,,,,,,,,,,,,,
,,5,,,,,,,,,,,,,,,,,,,,,,,,,,,,,,,,,,,131,,,,,,,,,,,,,,,,,,,,,,
,,6,,,,,,,,,,,,,,,,,,,,,,108,,,,20,,,,,,7,,,,,,,,,,,,,,,,,,,,,,,,,
2,Repetição,7,,,,,,,,,,,,,,,,,,,,,,,,,,,,,,,,,,,,,,8,,,,,,,,,,,,,,,,,,,
,,8,,,,,,,,,,,,,,,,,,,9,,,,,,,,,,,,,,,,,,,,,,,,,,,,,,,,,,,,,,
,,9,,,,,,,,,,,,,,,,,,,,,,,,,,,,,10,,,,,,,,,,,,,,,,,,,,,,,,,,,,
,,10,,,,,,,,,,,,,,,,,,,,,,131,,,,,,,,,,,,,,,,,,,,,,,,,,,,,,,,,,,
,,11,,,,,,,,,,,,,,,,,,69,,,,,,,12,,,,,,,86,,,,,,,,,,,,,,,,,,,,,,,,,
,,12,,,,,,,,,,,,,,,,,,13,,,,,,,,,,,,,,,,,,,,,,,,,,,,,,,,,,,,,,,
,,13,,,,,,,,,,,,,,,,,,,,,,,,,,,,,,,,,,,131,,,,,,,,,,,,,,,,,,,,,,
,,14,,,,,,,,,,,,,,,,,,,,,,,,,,,,,,,,15,,,115,,,,,,,,,,,,,,,,,,,,,,
,,15,,,,,,,,,,,,,,,,,,,,,,,,,,,,,,,,16,,,,,,,,,,,,,,,,,,,,,,,,,
,,16,,,,,,,,,,,,,,,,,,,,,,,,,,,,,17,,,,,,,,,,,,,,,,,,,,,,,,,,,,
,,17,,,,,,,,,,,,,,,,,,,,,,18,,,,,,,,,,,,,,,,,,,,,,,,,,,,,,,,,,,
,,18,,,,,,,,,,,,,,,,,,19,,,,,,,,,,,,,,,,,,,,,,,,,,,,,,,,,,,,,,,
,,19,,,,,,,,,,,,,,,,,,,,,,,,,,,,,,,131,,,,,,,,,,,,,,,,,,,,,,,,,,
,,20,,,,,,,,,,,,,,,,,,,,,,,,,,,,,,,,,,,,21,,,,,,,,,,,,,,,,,,,,,
,,21,,,,,,,,,,,,,,,,,,,,,,,,,,,,,,,,,22,,,,,,,,,,,,,,,,,,,,,,,,
,,22,,,,,,,,,,,,,,,,,,,,,,,,,,,,,23,,,,,,,,,,,,,,,,,,,,,,,,,,,,
,,23,,,,,,,,,,,,,,,,,,24,,,,,,,,,,,,,,,,,,,,,,,,,,,,,,,,,,,,,,,
,,24,,,,,,,,,,,,,,,,,,,,,,,,,,,,,,,,,,,,,,,,,,132,,,,,,,,,,,,,,,
,,25,,,,,,,,,,,,,,,,,,,,26,,,,,,,,,,,45,,,,,,,,,,,,,,,,,,,,,,,,,,
,,26,,,,,,,,,,,,,,,,,,,,27,,,,,,,,,,,,,,,,,,,,,,,,,,,,,,,,,,,,,
,,27,,,,,,,,,,,,,,,,,,,,,,28,,,,,,,,,,,,,,,,,,,,,,,,,,,,,,,,,,,
,,28,,,,,,,,,,,,,,,,,,,,,,,,,,,,,,,,,29,,,,,,,,,,,,,,,,,,,,,,,,
,,29,,,,,,,,,,,,,,,,,,,,,,,,,,,,,,,,,,,,,133,,,,,,,,,,,,,,,,,,,,
,,30,,,,,,,,,,,,,,,,,,,,,,,,,,,,,101,,,,,76,,,31,,,65,,,,,,,,,,,,,,,,,
,,31,,,,,,,,,,,,,,,,,,,,,,,,,,,,,,,,,,,32,,,,,,,,,,,,,,,,,,,,,,
,,32,,,,,,,,,,,,,,,,,,,,,,,,,,33,,,,,,,,,,,,,,,,,,,,,,,,,,,,,,,
,,33,,,,,,,,,,,,,,,,,,,,,,,,,,,,,,,34,,,,,,,,,,,,,,,,,,,,,,,,,,
,,34,,,,,,,,,,,,,,,,,,,,,,,,131,,,,,,,,,,,,,,,,,,,,,,,,,,,,,,,,,
,Atribuição,35,,,,,,,,36,,,,,,,,,,,,,,,,,,,,,,,,,,,,,,,,,,,,,,,,,,,,,,,,,
,Operadores Relacionais,36,,,,,,,,,,,,,,,,,,,,,,,,,,,,,,,,,,,,,,,,,,,,,,,,,,,,,,,,,
4,Operação Aritmética,37,,,,,,,,,,,,,,,,,,,,,,,,,,,,,,,,,,,,,,,,,,,,,,,,,,,,,,,,,
3,Operação Aritmética,38,,,,,,,,,,,,,,,,,,,,,,,,,,,,,,,,,,,,,,,,,,,,,,,,,,,,,,,,,
2,Operação Aritmética,39,,,,,,,,,,,,,,,,,,,,,,,,,,,,,,,,,,,,,,,,,,,,,,,,,,,,,,,,,
1,Operação Aritmética,40,,,,,,,,,,,,,,,,,,,,,,,,,,,,,,,,,,,,,,,,,,,,,,,,,,,,,,,,,
,Operadores Relacionais,41,,,,,,,,134,,,,,,,,,,,,,,,,,,,,,,,,,,,,,,,,,,,,,,,,,,,,,,,,,
,Token de Negação,42,,,,,,,,134,,,,,,,,,,,,,,,,,,,,,,,,,,,,,,,,,,,,,,,,,,,,,,,,,
,,43,,,,,,,,,,,,,,,,,,47,,,,,,,,,,,,,,44,,,,,,,,,,,,,,,,,,,,,,,,,
,,44,,,,,,,,,,,,,,,,,,,,,,,,,,,,,,,,,,,135,,135,,,,,,,,,,,,,,,,,,,,
,,45,,,,,,,,,,,,,,,,,,,,,135,,,,,,,,,,,,,,,,,,,,,,,,,,,,,,,,,,,,
,,46,,,,,,,,,,,,,,,,,,,,,,,,,,,,,,,,,,,135,,71,,,,,,,,,,,,,,,,,,,,
,,47,,,,,,,,,,,,,,,,,,,,,,,,,,,,,,,,46,,,,,,,,,,,,,,,,,,,,,,,,,
,,48,,,,,,,,,,,,,,,,,,,,,,,,,,,,,,,48,,,,,,,,,,,,,,,,,,,,,,,,,,
,,49,,,,,,,,,,,,,,,,,,,,,135,,,,,,,,,,,,,,,,,,,,,,,,,,,,,,,,,,,,
,,50,,,,,,,,,,,,,,,,,,,,,,,,,51,,,,,,,,,,126,,,,,,,,,,,,,,,,,,,,,,
,,51,,,,,,,,,,,,,,,,,,,,,,52,,,,,,,,,,,,,,,,,,,,,,,,,,,,,,,,,,,
,,52,,,,,,,,,,,,,,,,,,,,,,,,,,,,,,,136,,,,,,,,,,,,,,,,,,,,,,,,,,
,,53,,,,,,,,,,,,,,,,,,,,,,,,,,,,,54,,56,,,,,,,,,,,,,,,,,,,,,,,,,,
,,54,,,,,,,,,,,,,,,,,,,,,,,,,,,,,,,,,,,,55,,,,,,,,,,,,,,,,,,,,,
,,55,,,,,,,,,,,,,,,,,,,,,,136,,,,,,,,,,,,,,,,,,,,,,,,,,,,,,,,,,,
,,56,,,,,,,,,,,,,,,,,,,,,57,,,,,,,,,,,,,,,,,,,,,,,,,,,,,,,,,,,,
,,57,,,,,,,,,,,,,,,,,,,,,,,,,,58,,,112,,,,,,,,,,,,,,,,,,,,,,,,,,,,
,,58,,,,,,,,,,,,,,,,,,,,,,,nT8,,,,,,,,,,,,,,,,,,,,,,,,,,,,,,,,,,
,,59,,,,,,,,,,,,,,,,,,128,,,,,,,,124,,,,,,60,,,,,,,,,,,,,,,,,,,,,,,,,
,,60,,,,,,,,,,,,,,,,,,,,,,,,,,,,,,,,,,,137,,,,,,,,,,,,,,,,,,,,,,
,,61,,,,,,,,,,,,,,,,,,,,,,,,,62,,,,,,,,,,,,,,,,,,,,,,,,,,,,,,,,
,,62,,,,,,,,,,,,,,,,,,,,,,,,,,63,,,,,,,,,,,,,,,,,,,,,,,,,,,,,,,
,,63,,,,,,,,,,,,,,,,,,,,,,,,,,,,,64,,,,,,,,,,,,,,,,,,,,,,,,,,,,
,,64,,,,,,,,,,,,,,,,,,,,,,140,,,,,,,,,,,,,,,,,,,,,,,,,,,,,,,,,,,
,,65,,,,,,,,,,,,,,,,,,147,,,,,,,,66,,,,,,,,,,,,,,82,,,,,,,,,,,,,,,,,
,,66,,,,,,,,,,,,,,,,,,,,,,,,,,,,,,,,,,,,,67,,,,,,,,,,,,,,,,,,,,
,,67,,,,,,,,,,,,,,,,,,,,68,,,,,,,,,,,,,,,,,,,,,,,,,,,,,,,,,,,,,
,,68,,,,,,,,,,,,,,,,,,,,,,,,,141,,,,,,,,,,,,,,,,,,,,,,,,,,,,,,,,
,,69,,,,,,,,,,,,,,,,,,,,,,,,,,,,,,,,,,,,70,,,,,,,,,,,,,,,,,,,,,
,,70,,,,,,,,,,,,,,,,,,,,,,141,,,,,,,,,,,,,,,146,,,,,,,,,,,,,,,,,,,,
,,71,,,,,,,,,,,,,,,,,,,,,,,,,72,,,,,,,,,,,,,,,,,,,,,,,,,,,,,,,,
,,72,,,,,,,,,,,,,,,,,,,,,,73,,,,,,,,,,,,,,,,,,,,,,,,,,,,,,,,,,,
,,73,,,,,,,,,,,,,,,,,,,,,,,,,,,,,,,,,,,74,,,,,,,,,,,,,,,,,,,,,,
,,74,,,,,,,,,,,,,,,,,,,,75,,,,,,,,,,,,,,,,,,,,,,,,,,,,,,,,,,,,,
,,75,,,,,,,,,,,,,,,,,,80,,,,,,,,,,,,,,,,,,,,,,,,,,,,,,,,,,,,,,,
,,76,,,,,,,,,,,,,,,,,,,,,,,,,,,,,,,,,,,77,,,,,,,,,,,,,,,,,,,,,,
,,77,,,,,,,,,,,,,,,,,,,,,,,,,,,,,,,,,,,,,146,,,,,,,,,,,,,,,,,,,,
,,78,,,,,,,,,,,,,,,,,,,,,,,,,,,,,,,,79,,,,,,,,,,,,,,,,,,,,,,,,,
,,79,,,,,,,,,,,,,,,,,,,,,,,,146,,,,,,,,,,,,,,,,,,,,,,,,,,,,,,,,,
,,80,,,,,,,,,,,,,,,,,,,,,,,,,,,,,,,,,,,,81,,,,,,,,,,,,,,,,,,,,,
,,81,,,,,,,,,,,,,,,,,,,,,,141,,,,,,,,,,,,,,,,,,,,,,,,,,,,,,,,,,,
,,82,,,,,,,,,,,,,,,,,,83,,,,,,,,,,,,,,,,,,,,,,,,,,,,,,,,,,,,,,,
,,83,,,,,,,,,,,,,,,,,,,,,,,,,,,,,,,,,146,,,,,,,,,,,,,,,,,,,,,,,,
,,84,,,,,,,,,,,,,,,,,,85,,,,,,,,,,,,,,,,,,,,,,,,,,,,,,,,,,,,,,,
,,85,,,,,,,,,,,,,,,,,,,,,,,,,,,,,,,,,,,146,,,,,,,,,,,,,,,,,,,,,,
,,86,,,,,,,,,,,,,,,,,,,,,,,,,,,,,,,87,,,,,,,,,,,,,,,,,,,,,,,,,,
,,87,,,,,,,,,,,,,,,,,,,,,,,,,,,,,,,,,,,,88,118,,,,,,,,,,,,,,,,,,,,
,,88,,,,,,,,,,,,,,,,,,,,,,,,,,,,,,,,,,,,,146,,,,,,,,,,,,,,,,,,,,
,,89,,,,,,,,,,,,,,,,,,90,,,,,,,,,,,,,,,,,,,,,,,,,,,,,,,,,,,,,,,
,,90,,,,,,,,,,,,,,,,,,,,,,,,,,91,,,,,,,,,,,,,,,,,,,,,,,,,,,,,,,
,,91,,,,,,,,,,,,,,,,,,,,,,,,,,,,,,,146,,,,,,,,,,,,,,,,,,,,,,,,,,
,,92,,,,,,,,,,,,,,,,,,122,,,,93,,,,,,,,,,,,,,,,,,,,,,,,,,,,,,,,,,,
,,93,,,,,,,,,,,,,,,,,,,,,,,,,,,,,,,,,,,,,94,,,,,,,,,,,,,,,,,,,,
,,94,,,,,,,,,,,,,,,,,,,,,,,,,,,,,,,,,,,,,,95,,,,,,,,,,,,,,,,,,,
,,95,,,,,,,,,,,,,,,,,,,,,,,,,,,,,,,,,,,96,,,,,,,,,,,,,,,,,,,,,,
,,96,,,,,,,,,,,,,,,,,,,,,,,,,,,,,,,146,,,,,,,,,,,,,,,,,,,,,,,,,,
,,97,,,,,,,,,,,,,,,,,,98,,,,,,,,,,,,,,,,,,,,,,,,,,,,,,,,,,,,,,,
,,98,,,,,,,,,,,,,,,,,,,,,,,,,,,,,,,,,,,,,,99,,,,,,,,,,,,,,,,,,,
,,99,,,,,,,,,,,,,,,,,,,,,,,,,,,,,,,,,,,,100,,,,,,,,,,,,,,,,,,,,,
,,100,,,,,,,,,,,,,,,,,,,,,,146,,,,,,,,,,,,,,,,,,,,,,,,,,,,,,,,,,,
,,101,,,,,,,,,,,,,,,,,,,,,,102,,,,,,,,,,,,,,,,,,,,,,,,,,,,,,,,,,,
,,102,,,,,,,,,,,,,,,,,,,,,,103,,,,,,,,,,,,,,,,,,,,,,,,,,,,,,,,,,,
,,103,,,,,,,,,,,,,,,,,,,,,,,,,,,,,,,,,146,,,,,,,,,,,,,,,,,,,,,,,,
,,104,,,,,,,,,,,,,,,,,,,,,,,,,,,,,105,,,,,,,,,,,,,,,,,,,,,,,,,,,,
,,105,,,,,,,,,,,,,,,,,,,,,,,,,,,,,,,,,,,,,,106,,,,,,,,,,,,,,,,,,,
,,106,,,,,,,,,,,,,,,,,,,,,107,,,,,,,,,,,,,,,,,,,,,,,,,,,,,,,,,,,,
,,107,,,,,,,,,,,,,,,,,,,,,,146,,,,,,,,,,,,,,,,,,,,,,,,,,,,,,,,,,,
,,108,,,,,,,,,,,,,,,,,,,,,,,109,,,,,,,,,,,,,,,,,,,,,,,,,,,,,,,,,,
,,109,,,,,,,,,,,,,,,,,,,,,,,,,,110,,,,,,,,,,,,,,,,,,,,,,,,,,,,,,,
,,110,,,,,,,,,,,,,,,,,,,,,,,,,,,,,,,111,,,,,,,,,,,,,,,,,,,,,,,,,,
,,111,,,,,,,,,,,,,,,,,,,,,,146,,,,,,,,,,,,,,,,,,,,,,,,,,,,,,,,,,,
,,112,,,,,,,,,,,,,,,,,,,,,,,,,,113,,,,,,,,,,,,,,,,,,,,,,,,,,,,,,,
,,113,,,,,,,,,,,,,,,,,,,,,,,,,,,,,,,114,,,,,,,,,,,,,,,,,,,,,,,,,,
,,114,,,,,,,,,,,,,,,,,,,,,,146,,,,,,,,,,,,,,,,,,,,,,,,,,,,,,,,,,,
,,115,,,,,,,,,,,,,,,,,,,,,,116,,,,,,,,,,,,,,,,,,,,,,,,,,,,,,,,,,,
,,116,,,,,,,,,,,,,,,,,,117,,,,,,,,,,,,,,,,,,,,,,,,,,,,,,,,,,,,,,,
,,117,,,,,,,,,,,,,,,,,,,,,,,,,,,,146,,,,,,,,,,,,,,,,,,,,,,,,,,,,,
,,118,,,,,,,,,,,,,,,,,,,,,,,,,,119,,,,,,,,,,,,,,,,,,,,,,,,,,,,,,,
,,119,,,,,,,,,,,,,,,,,,,,,,,,,,,,,,,120,,,,,,,,,,,,,,,,,,,,,,,,,,
,,120,,,,,,,,,,,,,,,,,,,,,,,,,,,,,,,,,,,,,,121,,,,,,,,,,,,,,,,,,,
,,121,,,,,,,,,,,,,,,,,,,,,,146,,,,,,,,,,,,,,,,,,,,,,,,,,,,,,,,,,,
,,122,,,,,,,,,,,,,,,,,,,,,,,,,,,,,,,123,,,,,,,,,,,,,,,,,,,,,,,,,,
,,123,,,,,,,,,,,,,,,,,,,,,146,,,,,,,,,,,,,,,,,,,,,,,,,,,,,,,,,,,,
,,124,,,,,,,,,,,,,,,,,,,,,,,,,,,,,125,,,,,,,,,,,,,,,,,,,,,,,,,,,,
,,125,,,,,,,,,,,,,,,,,,,,,,146,,,,,,,,,,,,,,,,,,,,,,,,,,,,,,,,,,,
,,126,,,,,,,,,,,,,,,,,,,,,,,,,,,,,,,,,,,,,,127,,,,,,,,,,,,,,,,,,,
,,127,,,,,,,,,,,,,,,,,,,,,,146,,,,,,,,,,,,,,,,,,,,,,,,,,,,,,,,,,,
,,128,,,,,,,,,,,,,,,,,,,,,,,,,,,,,129,,,,,,,,,,,,,,,,,,,,,,,,,,,,
,,129,,,,,,,,,,,,,,,,,,,,,,,,,,,,,,,,,,,,130,,,,,,,,,,,,,,,,,,,,,
,,130,,,,,,,,,,,,,,,,,,,,,,146,,,,,,,,,,,,,,,,,,,,,,,,,,,,,,,,,,,
,Tipo de Dado,131,,,,,,,,,,,,,,,,,,,,,,,,,,,,,,,,,,,,,,,,,,,,,,,,,,,,,,,,,
,Saída,132,,,,,,,,,,,,,,,,,,,,,,,,,,,,,,,,,,,,,,,,,,,,,,,,,,,,,,,,,
,Entrada,133,,,,,,,,,,,,,,,,,,,,,,,,,,,,,,,,,,,,,,,,,,,,,,,,,,,,,,,,,
,Operadores Relacionais,134,,,,,,,,,,,,,,,,,,,,,,,,,,,,,,,,,,,,,,,,,,,,,,,,,,,,,,,,,
,Operadores Lógicos,135,,,,,,,,,,,,,,,,,,,,,,,,,,,,,,,,,,,,,,,,,,,,,,,,,,,,,,,,,
,Desvio Condicional,136,,,,,,,,,,,,,,,,,,,,,,,,,,,,,,,,,,,,,,,,,,,,,,,,,,,,,,,,,
,Repetição Com Controle de Iteração,137,,,,,,,,,,,,,,,,,,,,,,,,,,,,,,,,,,,,,,,,,,,,,,,,,,,,,,,,,
,Ínicio de Bloco,138,,,,,,,,,,,,,,,,,,,,,,,,,,,,,,,,,,,,,,,,,,,,,,,,,,,,,,,,,
,Fim de Bloco,139,,,,,,,,,,,,,,,,,,,,,,,,,,,,,,,,,,,,,,,,,,,,,,,,,,,,,,,,,
1,Repetição,140,,,,,,,,,,,,,,,,,,,,,,,,,,,,,,,,,,,,,,,,,,,,,,,,,,,,,,,,,
,Estrutura Condicional Aninhada,141,,,,,,,,,,,,,,,,,,,,,,,,,,,,,,,,,,,,,,,,,,,,,,,,,,,,,,,,,
,P1,142,,,,,,,,,,,,,,,,,,,,,,,,,,,,,,,,,,,,,,,,,,,,,,,,,,,,,,,,,
,F1,143,,,,,,,,,,,,,,,,,,,,,,,,,,,,,,,,,,,,,,,,,,,,,,,,,,,,,,,,,
,P2,144,,,,,,,,,,,,,,,,,,,,,,,,,,,,,,,,,,,,,,,,,,,,,,,,,,,,,,,,,
,F2,145,,,,,,,,,,,,,,,,,,,,,,,,,,,,,,,,,,,,,,,,,,,,,,,,,,,,,,,,,
,Outros Tokens,146,,,,,,,,,,,,,,,,,,,,,,,,,,,,,,,,,,,,,,,,,,,,,,,,,,,,,,,,,
,,147,,,,,,,,,,,,,,,,,,,,,,,,,,,,,,,,,146,,,,,,,,,,,,,,,,,,,,,,,,
,Identificador,148,,,,,,,,,,,,,,,,,,149,149,149,149,149,149,149,149,149,149,149,149,149,149,149,149,149,149,149,149,149,149,149,149,149,149,,,,149,158,158,158,158,158,158,158,158,158,158
,Identificador,149,,,,,,,,,,,,,,,,,,150,150,150,150,150,150,150,150,150,150,150,150,150,150,150,150,150,150,150,150,150,150,150,150,150,150,,,,150,159,159,159,159,159,159,159,159,159,159
,Identificador,150,,,,,,,,,,,,,,,,,,151,151,151,151,151,151,151,151,151,151,151,151,151,151,151,151,151,151,151,151,151,151,151,151,151,151,,,,151,160,160,160,160,160,160,160,160,160,160
,Identificador,151,,,,,,,,,,,,,,,,,,152,152,152,152,152,152,152,152,152,152,152,152,152,152,152,152,152,152,152,152,152,152,152,152,152,152,,,,152,161,161,161,161,161,161,161,161,161,161
,Identificador,152,,,,,,,,,,,,,,,,,,153,153,153,153,153,153,153,153,153,153,153,153,153,153,153,153,153,153,153,153,153,153,153,153,153,153,,,,153,162,162,162,162,162,162,162,162,162,162
,Identificador,153,,,,,,,,,,,,,,,,,,154,154,154,154,154,154,154,154,154,154,154,154,154,154,154,154,154,154,154,154,154,154,154,154,154,154,,,,154,163,163,163,163,163,163,163,163,163,163
,Identificador,154,,,,,,,,,,,,,,,,,,155,155,155,155,155,155,155,155,155,155,155,155,155,155,155,155,155,155,155,155,155,155,155,155,155,155,,,,155,164,164,164,164,164,164,164,164,164,164
,Identificador,155,,,,,,,,,,,,,,,,,,156,156,156,156,156,156,156,156,156,156,156,156,156,156,156,156,156,156,156,156,156,156,156,156,156,156,,,,156,165,165,165,165,165,165,165,165,165,165
,Identificador,156,,,,,,,,,,,,,,,,,,157,157,157,157,157,157,157,157,157,157,157,157,157,157,157,157,157,157,157,157,157,157,157,157,157,157,,,,157,166,166,166,166,166,166,166,166,166,166
,Identificador,157,,,,,,,,,,,,,,,,,,,,,,,,,,,,,,,,,,,,,,,,,,,,,,,,,,,,,,,,,
,Identificador,158,,,,,,,,,,,,,,,,,,,,,,,,,,,,,,,,,,,,,,,,,,,,,,,,159,159,159,159,159,159,159,159,159,159
,Identificador,159,,,,,,,,,,,,,,,,,,,,,,,,,,,,,,,,,,,,,,,,,,,,,,,,160,160,160,160,160,160,160,160,160,160
,Identificador,160,,,,,,,,,,,,,,,,,,,,,,,,,,,,,,,,,,,,,,,,,,,,,,,,161,161,161,161,161,161,161,161,161,161
,Identificador,161,,,,,,,,,,,,,,,,,,,,,,,,,,,,,,,,,,,,,,,,,,,,,,,,162,162,162,162,162,162,162,162,162,162
,Identificador,162,,,,,,,,,,,,,,,,,,,,,,,,,,,,,,,,,,,,,,,,,,,,,,,,163,163,163,163,163,163,163,163,163,163
,Identificador,163,,,,,,,,,,,,,,,,,,,,,,,,,,,,,,,,,,,,,,,,,,,,,,,,164,164,164,164,164,164,164,164,164,164
,Identificador,164,,,,,,,,,,,,,,,,,,,,,,,,,,,,,,,,,,,,,,,,,,,,,,,,165,165,165,165,165,165,165,165,165,165
,Identificador,165,,,,,,,,,,,,,,,,,,,,,,,,,,,,,,,,,,,,,,,,,,,,,,,,157,157,157,157,157,157,157,157,157,157